,freq,amp,THD_out,coefA_in_0,coefB_in_0,coefA_out_0,coefB_out_0,coefA_in_1,coefB_in_1,coefA_out_1,coefB_out_1,coefA_in_2,coefB_in_2,coefA_out_2,coefB_out_2,coefA_in_3,coefB_in_3,coefA_out_3,coefB_out_3,coefA_in_4,coefB_in_4,coefA_out_4,coefB_out_4,coefA_in_5,coefB_in_5,coefA_out_5,coefB_out_5,coefA_in_6,coefB_in_6,coefA_out_6,coefB_out_6
0,50,5,33.61243993995989,-0.002506046576123154,-0.0,54.239665354330704,-0.0,-0.001981041295701604,0.12075494773002377,-1834.0818221358643,-207.46761614054458,-0.0019366541784426369,0.0013612329197686254,7.041773532840121,-61.63720442109117,-0.0013035116630395452,0.0019352652875368978,15.63773865596208,-143.61221565151843,-0.0005523786397879822,0.00220443364822911,3.596917112129673,-120.91448203299124,0.00021089296764138581,0.0021832586825476508,23.34321679718593,-121.78739976440114,0.0008850047087058081,0.0019031014511803903,21.93025658083384,-136.0864266902952
1,50,3,88.71273008739354,0.0015039769647786005,-0.0,1.863927165354332,-0.0,-0.0012727585273392347,0.06032576875536867,554.2423399020864,656.6156490346252,0.0014757884294271037,0.021479091132578797,267.53282127850514,-589.0419447144819,-0.0011427382757344306,0.0007872072698551488,-40.11447620789599,-69.89275658523509,0.0008921357368938996,-0.0011410258532479776,-6.140570982157293,-72.00583871851408,-0.0006117618455610927,0.0011530309272659838,104.63799308987677,-24.137418045443606,0.0003180555346208348,-0.0012787395471057063,101.60360358483891,43.209414759377815
2,50,7,576.7883953434582,-0.003509279584483399,-0.0,133.12967519685037,-0.0,0.0023472681672842706,0.0627911225527191,-652.2142042091644,-329.54185850880725,0.000816318644296105,-0.003191889036488139,-187.6566847602289,115.9451806333204,-0.0021327693497941195,0.10069651182917849,1937.819808807956,-3657.8919739269772,0.0028982271274200972,0.0011281361799337782,178.0971943350472,-207.01696809071362,-0.0005917953308053872,-0.0032966359043439053,-335.65669303811455,-279.74270326771256,-0.0019665723218118794,0.0021024493640961826,-129.02158083793225,65.31298912113985
3,50,0,26.222621988328026,-2.3288662664988637e-19,-0.0,-5.0329724409448815,-0.0,0.0001884006432323233,0.059969590011412124,825.2249718523371,32.55357508559131,-5.034924897548938e-07,-8.013226403907447e-05,10.940464156326914,-0.18564008005759933,-4.2464446890015984e-07,-4.5054843453655964e-05,-8.058904428624754,26.019200982123955,-4.0257881697660976e-07,-3.2034518016806024e-05,8.178181211876224,22.238984584633503,-3.931236876372607e-07,-2.5024972828921514e-05,12.638309655569145,-5.425679751115149,-3.881713787912685e-07,-2.059069222343534e-05,2.4075945929435645,-0.7469847320019181
4,50,20,2196.935403794674,-0.010026513098524011,-0.0,-20.346210629921313,-0.0,0.00999411072543856,0.06197988181314066,207.23887917700586,18.70987498230234,-0.009156758951570747,-0.003386617368234204,3.623046530824374,-36.16408845862611,0.008139449987647755,0.00574549954785677,223.7811196183867,43.94411671925813,-0.006789374714810762,-0.004938488179894815,128.76977676948084,-103.2344485697488,0.010548497958061986,0.3430107589389347,-4417.562946956677,672.1876624803514,-0.003673404484312152,-0.009594911358548494,-151.48000256523153,-70.09009856794849
5,50,4,56.185599269433816,-0.0020053026197048005,-0.0,-1.7290846456692888,-0.0,0.0017342017687306313,0.06364093717437606,817.8900758561645,-394.0293244178043,-0.00036966340118221364,-0.0020184359907509633,63.701003189267276,-25.71038835279222,-0.000928649790180434,0.001641547337797105,96.67517364466505,12.472594978004869,0.0017361701900774425,-0.0007208800729473664,98.59496112073414,51.18926738684061,-0.0017071403563385932,-0.0005805766547762139,50.733205870476525,113.40246412075575,0.0009153233662580985,0.0014215406422763358,-0.46541232764418417,131.34172847010433
6,50,2,51.29231861913097,0.0010026513098524003,-0.0,14.544291338582672,-0.0,-0.00014380463336650183,0.06091658347993265,-526.3556569245172,700.6100360179984,-0.0007671716038474719,-0.0006802139881583553,-34.34035176100048,-22.410233174714204,0.000890983042407494,0.007044758724586941,154.60716941163017,289.5418066374749,0.00019725682074765225,0.0008544627224251443,36.61248267893061,23.961638262079877,-0.0008908239505184403,-0.0001517629646066031,13.714694949506285,74.90451925709884,0.00038256357633803187,-0.0007945261655812148,-62.37478856193233,45.31488452911439
7,50,9,207.9087046393639,0.004511930893669352,-0.0,-19.294783464566933,-0.0,0.003919415182676771,0.06248077846212657,-23.076643020349547,-931.0499173900117,0.001683000689311677,0.004042509501560808,95.96319419656507,10.116896587920643,-0.000865782245896671,0.004246528410366778,-264.75241304972735,68.75483091651401,-0.0029892839304522614,0.003024320196276225,11.516077857574437,-218.25333216735646,-0.0035992892976177498,0.024116020631147102,1636.9523862873875,94.5728879978019,-0.003541325207775405,-0.0016538413882492276,-187.35848632522044,-183.2936180855691
8,50,12,3771.7947233820814,-0.0060159078591143994,-0.0,135.30044291338584,-0.0,-0.0004495722343665008,0.06609908062827506,25.8120324959211,-116.46668756474514,0.00577863021599302,0.0017300711605931361,142.16272630252826,116.2970898571198,0.004013180790831981,0.22713874484069196,-2471.83373053068,-3584.9022720213748,-0.005110016236831871,-0.0031548503062385825,-75.09610941506456,-185.19401522957995,-0.0027477858014365373,0.004171563405359466,121.12050434012227,-208.61618174071484,0.004103381096739038,0.0027339927952635882,15.83438041057924,-246.1882283679245
9,50,8,2066.232877135199,-0.0040106052394096045,-0.0,-33.1336122047244,-0.0,0.0015173754279212321,0.06376093952577984,-232.53174948755196,-104.76868380532288,0.003066964983703503,-0.0024993036942159044,-87.98431938977144,22.562997241952637,-0.0032788898433162112,-0.00198347431921922,-62.54572089436716,69.61543017966623,-0.0007908062114172485,0.0037417592120825792,-18.419064306777877,81.44612618369993,0.003563141871944782,-0.0003024207210266956,-1.601748149887561,54.04766344307253,-0.0015283912352055322,-0.002833361885379227,-67.32943528160921,40.06850453785101
10,50,19,700.2479543042982,-0.009525187443597805,-0.0,23.06077755905512,-0.0,-0.003522943847473341,0.06870978957717025,635.1529790850582,153.39960005547735,0.006490510695687741,0.006688520138295268,-142.1130432199245,42.254160864889116,0.0085509424875074,-0.0032613914097387323,301.4101181807397,-185.91005734621126,0.00033482225994705615,-0.00883031167357186,46.794832670743865,411.2693214699329,-0.007711768043515987,-0.0035569478027986864,-152.70018879491877,-319.48755289612546,-0.006053003110355291,0.005531406901440062,616.1087011869662,202.26309595032654
11,50,9,38.626648826162345,-0.0045119308943358,-0.0,73.67249015748031,-0.0,0.0034837724987289024,0.22901761606454465,-2205.6538163036676,1807.6857095934877,0.0010463846379464394,-0.00460803839319437,22.371372532293872,-76.68085296003521,-0.003947031075154713,0.0016269688585336952,-126.64144481738872,902.1348587098154,0.003730821729285509,0.0018109045632673025,107.77097970701031,68.06219535652323,-0.0007580804848606094,-0.004060342260942398,-247.4146586839998,195.53560418242293,-0.002526193342771692,0.002822861179460044,-65.29685465774834,95.60679774002737
12,50,18,740.1783725289938,0.007800030552804321,-0.0,402.4931102362205,-0.0,0.00790634339048156,0.06114421304916783,-257.8131041647322,-485.8781005040673,0.008467145580104815,0.1601305812523259,-1061.684348147766,3711.3639967439985,0.007074236346942827,0.002333356005197751,-483.9164324889393,780.1251308735025,0.006548321157165065,0.0032887044411863213,94.59557705202542,-238.79351310481832,0.005913054760107549,0.004013695834842212,-227.1429690893046,256.3451246621763,0.0051963915450193455,0.004576264549564539,57.89643035114143,-242.17934179789304
13,50,11,2864.7477202206505,0.005514582204188198,-0.0,21.29822834645668,-0.0,0.003971824252714684,0.06397644635708964,54.36287601918764,177.03909131595148,-0.0002723329457298024,0.005389087402499145,48.23026815141935,14.300209621392474,-0.004017732578330866,0.003501377644339528,78.18441767759836,11.681454750562642,-0.005109096302272922,-0.0004136643403119949,45.002406156092285,12.475054752238133,-0.0030221771711061215,-0.00373713609877242,45.937636987529736,28.68209939650166,0.0007105979114235181,-0.00440368027416834,18.933757426459444,72.56069189047696
14,50,2,50.85553895878724,-0.0010026513098524003,-0.0,30.264271653543307,-0.0,0.0011864328748210906,0.05998887390552666,-246.4076432707443,-801.6564261150024,-0.000984793812070585,-0.00011629843372966642,-6.334727573892551,32.80884633201717,0.000961413380282816,1.0883959141014945e-05,38.78032991326025,19.861014587310684,-0.0009315973811569587,-0.00010028402165964274,7.855348993078603,-54.41217020123791,0.0008929508292390427,6.223466053980021e-05,-58.1720500454409,-7.02159342321774,-0.0008493579545401948,-0.00011330146934805431,-6.080868765155855,66.59040645279829
15,50,4,62.635713977355636,-0.002005137201994016,-0.0,10.26993110236221,-0.0,-0.0016811758840845539,0.060669871697118655,469.34638098440377,736.2349445669485,-0.0014862016014294762,0.0012143372893253198,63.063218017845024,27.72021426331887,-0.0009178253801877123,0.001650835068330259,-37.473884765523046,-90.09319781415202,-0.0002575618416736335,0.0018206205046812816,-41.15210045140088,106.33131188817563,0.0003913156169354077,0.001730986821891829,133.75436874462488,-34.09415024710841,0.0009337553963263143,0.0014210305539030111,-84.80571215213047,-108.6122726736529
16,50,19,1900.7958330427061,0.0095251874435978,-0.0,-91.04576771653551,-0.0,0.003512772802370613,0.06893468946601221,10.01326720509123,262.78309581862015,-0.007057180211266075,0.006255371773832348,-110.67059747048337,-41.898122557366385,-0.008044338243768788,-0.004026784807254968,-25.841007601862966,54.032387049305314,0.001233242562597186,-0.00792828763106557,-315.84472439360945,96.48995008179601,0.011480235329636258,0.1993815889937996,4718.365479569653,-890.2578955441958,0.004414279145002609,0.0056737936348716924,334.7620341885188,-52.72877763245898
17,50,3,329.4302788869513,0.0015039769647786048,-0.0,45.50073818897639,-0.0,-0.0012728415902889783,0.06029932908427059,880.1510107724906,-314.0894036115976,0.0013364128312664662,-0.000702932352737782,82.76577136363666,34.80422120518831,-0.0011421443640940296,0.0008502213862348414,101.82556102713052,54.1553190534177,0.000892673244233374,-0.001098254629763944,120.33573339148992,28.4661368089327,-0.000611162815676205,0.0011911632175975928,137.47825588567102,17.42788961339976,0.0003187701210463181,-0.0012408340497967098,153.09171077005672,-11.95535930832041
18,50,7,93.47440005681668,0.003509279584483401,-0.0,23.767962598425196,-0.0,0.0007132485250595002,0.06342382630753525,-550.3413208444172,709.9399033463455,-0.0032923843656793616,0.0009442289839470965,-96.41713398227806,-2.425966831115289,-0.001474275495886455,-0.0030771666852076863,-123.22946588506308,-66.37144376432713,0.002691371597509191,-0.0018855342043926134,-16.594780634307238,-171.54174472451638,0.0021494310219318294,0.0022651320089839434,124.06612523158323,-163.89054828534583,-0.0018482301901579618,0.002332046496430009,215.964459836088,-39.53017077198655
19,50,17,3744.1159505271244,0.008522536133745404,-0.0,-81.25344488188976,-0.0,-0.008125367948194597,0.06168793203858026,-70.014272076066,-126.87683773484147,0.0077044112534431835,-0.0033086314173355305,-79.64645979710677,-25.76123103527418,-0.006743301652891793,0.004673937258509914,-141.24994719196675,12.981025060128266,0.005507043884392291,-0.005648458062008794,-95.57605230972153,68.27956944501823,-0.004085020950459446,0.006546172517632897,-14.831395547635143,17.168486397079132,0.0025914431668642487,-0.006641061375548002,-79.87762447960905,-52.48325707906101
20,50,16,3204.7153727061436,-0.008021210478819199,-0.0,220.1449311023622,-0.0,0.005201146834687273,0.06625407159433636,40.986585085596026,-154.71724037142488,0.0016710397627680373,-0.00763238096591164,124.90255989813139,-79.71103608975588,-0.006886692133962205,0.0036746483166656225,112.61016314137433,72.10944448630859,0.006804961955449743,0.0035386063652837387,132.09865765515104,17.49953115120464,-0.0017686494427170331,-0.00590176772784384,283.41304467632204,158.4471540891989,-0.0003502249720812996,0.20371265074110453,-3403.454672965917,-3510.153807303591
21,50,17,620.5024691997544,0.008522536133745403,-0.0,-11.175935039370072,-0.0,-0.001296586185958931,0.06833718935886461,-715.5736311206587,-105.16627195411213,-0.007859840414898471,-0.0029366700703218882,-57.43871275020279,-102.22037300386677,0.004123987457803064,-0.00707196996865165,-64.1926627876237,67.72003134640983,0.0060527241509921925,0.0051766452955211125,-186.43450759245337,-68.8446562684481,-0.005875268820080752,0.004947844192853836,-45.58168069765063,-90.5361073875342,-0.0035756839546355053,-0.006155157547651764,-212.62528587650542,-15.168943118081035
22,50,16,7137.7760171642785,0.008021210478819242,-0.0,-94.53937007874016,-0.0,-0.007784401052458705,0.060452222109163845,-29.5429573547969,-70.65327915026215,0.007829520884654013,-0.0009061922268811698,-77.86301618759188,2.9208610506587998,-0.007595789664322295,0.0013526858399538308,-22.664903391644433,16.08316474698699,0.007281942088032311,-0.001575527380594171,-75.94546269661119,18.236055274427382,-0.006890945123716719,0.002148294414125857,-68.65631646909053,32.097052050814966,0.006449916388472021,-0.002082087201628157,-91.98797169818613,35.29744097926002
23,50,16,1993.4593484292516,-0.008021210478819206,-0.0,29.800442913385844,-0.0,-0.0006129630912290733,0.06794398677523454,57.63313841379604,258.1485329485606,0.0077211010615368695,0.001553490786531707,187.7420112405994,-56.31896302522742,0.0022897418267960505,-0.007309313514571109,-19.566957618995648,-15.637229968437929,-0.006873729678270645,-0.0028190840174971993,111.7378075782978,136.05904400061698,-0.0034555338470285027,0.006456929014208743,227.09967925800896,-52.81213341584792,0.00563435186616268,0.0041265622448456545,41.91446925865128,-74.71648187684283
24,50,7,333.4034724032761,0.0035092795844834015,-0.0,130.0873523622047,-0.0,-0.002234860938191658,0.06254173266902284,295.85206918986245,-993.9555071285915,-0.00012932392424326122,-0.003347559195122569,26.51342042043547,-55.38306295794075,0.003213667908315967,0.07635907170367613,-3205.2911878745977,1105.78521885358,-0.0032628848426391865,-4.111545505922279e-05,94.58071056655285,33.21510501234127,0.001999238342609698,-0.0025842171462589288,-150.50783552870473,-143.51852159444354,0.00033526881170694976,0.002851965468782845,-166.49077588653213,133.4459336333514
25,50,14,1118.294505080729,-0.0070185591689667995,-0.0,30.981053149606293,-0.0,0.005841407165100708,0.06408797545620848,106.90553666810767,415.7338779312695,-0.002131022925315494,-0.006614637288924128,-166.28708864106673,22.11835139837457,-0.0020839580390016052,0.006404220840232222,-11.906133302490414,-215.70070241822557,0.005288871362850336,-0.0038241471422924807,143.25510268045596,92.90390861998283,-0.006280303669033472,4.260586441774143e-05,-259.2166427460637,111.18930708441992,0.004840427383200366,0.0035846409751193312,-92.28469258767224,-339.8956172231564
26,50,21,1876.0048575983274,0.010527838753450204,-0.0,-128.85580708661416,-0.0,-0.0093776539433924,0.06426376423885195,-200.8039134991113,-186.8047419052712,0.006887838214694674,-0.007772641158682928,-176.56556991009722,6.4983619676964945,-0.0030654010708117303,0.00962885014583417,47.9802604321993,61.177275764679635,-0.0011064463284814181,-0.009728125450472015,-188.17744992417366,-111.70271345149271,0.004796477577737522,0.008145381248623582,-53.75958592490816,210.61603910229056,-0.007323332801904685,-0.005125913678366597,-43.72170410286523,-158.0618681328893
27,50,0,25.6205877436502,-2.3288662664988637e-19,-0.0,-5.176427165354328,-0.0,0.0001884006432323233,0.059969590011412124,793.2296336702591,293.64973498055525,-5.034924897548938e-07,-8.013226403907447e-05,10.328289791600307,2.8962823673256426,-4.2464446890015984e-07,-4.5054843453655964e-05,-35.99883059829477,19.982497381092173,-4.0257881697660976e-07,-3.2034518016806024e-05,-6.147177640909906,2.651984141614192,-3.931236876372607e-07,-2.5024972828921514e-05,11.055487455257817,-10.87267425086155,-3.881713787912685e-07,-2.059069222343534e-05,-2.868951804795658,11.673980845296464
28,50,18,4205.021328966794,-0.009023861788671596,-0.0,-42.4318405511811,-0.0,-0.0037891611465490616,0.0680636787378062,-4.401699781498382,129.9200775893452,0.0053892709660022815,0.007037045650948097,-36.13189361847856,39.015726175144714,0.008507031617533457,-0.0016030856401595029,-27.116750181617267,60.49031993873042,0.002194007071246881,-0.007981156081677394,-4.617585572296954,35.02581821583642,-0.00605458107824221,-0.005151490787754202,-0.13553103862687932,24.087056009878125,-0.007109605188037078,0.0031696757137546065,-32.0489918918645,3.954290052201993
29,50,10,1445.2713946243543,-0.0050132565492588994,-0.0,-79.31373031496062,-0.0,-0.003716509832895178,0.06308867424359153,289.5625446375332,-175.2560678045947,-0.0011048950791445913,0.004741303080167822,-124.49766313142196,27.839711875687833,0.0020781423495867778,0.004334438893430757,-54.949177960256755,-50.086301821925254,0.004199857159812113,0.002056936292744619,-28.01932549306646,75.3642541157342,0.004378980720219461,-0.0009392945116312382,-154.4646668570431,28.582043710940678,0.0026830255062659375,-0.003261426795894272,-56.37549847885882,-30.229164293721777
30,50,23,213.5356803161032,-0.011530490063302598,-0.0,65.40994094488188,-0.0,-0.00376788421670617,0.07074781724099995,-430.5654859606709,884.1186328569668,0.008636058093081966,0.0072537079844928595,233.8336888726803,112.17698578953046,0.009640129853197642,-0.005497109487615328,-2.469626090164819,-321.8458991194298,-0.001746935743662184,-0.010619239468306188,-328.2175314084591,234.00639133843802,-0.010136165840094243,-0.001946130682826395,435.30584495707916,199.57774517527847,-0.005055347268212281,0.008422251453649844,-12.052428494949773,-475.2897654611095
31,50,5,1378.1294663515012,-0.002506628274630975,-0.0,29.413877952755914,-0.0,0.00036076334707532264,0.06246615927977351,46.25008574929944,-355.9503249244949,0.0024385872589022892,-0.0004052943911447089,43.143635289612114,-17.001090940470142,-0.0004960229962092002,-0.002380325062000285,42.14121128369767,-13.043693889871866,-0.0022460657254688866,0.0006346115869890739,45.810718124606765,-20.67858381216997,0.0007600597647262035,0.0021234017123628293,75.72130900893279,-3.7322444281026153,0.0019556823803814527,-0.000834163727831363,80.55927231689418,22.09863351301472
32,50,2,498.66502369074146,0.0010026513098524057,-0.0,72.89124015748034,-0.0,-0.0008096170847345274,0.05999255207824074,428.76306442304826,670.235753969139,0.0009838455151714586,-0.00010887509326030659,63.99127042962445,2.530506881076937,-0.000962128008566136,2.2189697394603746e-05,111.25382038817368,-35.7536534106566,0.0009310384695229485,-8.488195889238353e-05,132.14273779150756,27.234559805216314,-0.0008933375237352065,8.203299164295631e-05,74.84111189382355,49.59233337518165,0.0008491856364247008,-8.871057414020197e-05,25.371433987780748,-8.786841536739201
33,50,6,1041.2613608915012,-0.0030079539295572184,-0.0,-90.15551181102363,-0.0,0.0008600238174959488,0.06289318795313456,-356.5640763077416,-294.92490886829074,0.0026572953000087605,-0.0013612202141399443,-129.52774577657598,11.63550400019095,-0.0018143588056942824,-0.0022788228234952236,-119.9745615396919,35.80308806047311,-0.0017311388535375754,0.002192613273882507,-94.10234288713173,74.6589727941994,0.0024356981433275937,0.0011488985391967437,-56.71414262959981,82.8499996178917,0.00054373722088164,-0.0024915627041539254,-22.280336546315137,38.762904267429505
34,50,11,769.8004853055028,0.005514582199790171,-0.0,-129.06299212598427,-0.0,0.0048240181284285874,0.06295438950769897,530.2984916524334,342.71376855674447,0.00230676477657865,0.004920080298169388,228.22674947022222,-146.66349421282797,-0.0006626797412764145,0.005405108048266473,-118.09321365242533,2.9449782366044728,-0.003268660936600026,0.004382968113845382,314.02230000796203,371.88706599918123,-0.0030706476618804052,0.10483124724823203,-3510.8652248854423,-3048.213608038537,-0.004563171849851687,-0.0017564022760639343,-352.3838295730172,-368.09452188769006
35,50,5,1537.206583828798,-0.0016119913376873255,-0.0,-59.47244094488187,-0.0,-0.0014134915527734655,0.06012519735176092,-332.9049124402776,3.774625932185034,-0.001572428267975817,0.0002278015338329662,-74.96306236034418,-11.282988331899938,-0.001523486443524116,0.00040879067044449237,-74.86897466019869,-25.94645528233907,-0.0014572706371113187,0.0005584596869273377,-68.07355035632133,-23.472676237073276,-0.0013758130840901698,0.0006904145549134886,-73.69938912337311,-20.920631020798233,-0.0012815890119769993,0.0008061583169847331,-63.93003994678154,-23.211892975188654
36,50,10,3257.5167626205844,0.005013256549261999,-0.0,-60.20127952755905,-0.0,-0.004595521530029528,0.061423591882273414,134.7228247742373,-90.14159922684142,0.004124716928615051,-0.00270575008223872,-23.68558060955179,6.107019219001179,-0.0031161881932779884,0.0037323306553056997,11.524581140737537,16.126368509447328,0.001882862731619975,-0.004150839757873079,-22.069905041012927,12.927622979577935,-0.0005591626369145634,0.004650503774979999,-27.476724680040913,-0.7311991077708349,-0.0006889394269257557,-0.0039012032162700186,-81.9597232391072,46.83981996083077
37,50,20,8365.52939988397,-0.010026513098524058,-0.0,28.759842519685055,-0.0,-0.006028236289160065,0.06780527910232337,-5.112977934302236,65.83522053665006,0.002208880668029608,0.00957075137745175,50.56695149039662,31.28333242380884,0.008691146139353362,0.004189763453154234,68.51094605145401,20.598621273546975,0.008400238912214312,-0.004008608140144307,58.54326427967253,-38.25625389231034,0.0019590675399950045,-0.008648009754768612,-3.418768013907389,-44.851990169867676,-0.005360928169701971,-0.006509310593781434,10.361605920951915,10.856813495757757
38,50,16,4559.0103751120605,-0.00802121047881884,-0.0,-88.46481299212601,-0.0,-0.00590016352234739,0.06515142829025564,-31.111637370547804,-115.52301037025407,-0.0012818943574427531,0.007724376557085071,-53.31047100160076,27.728375318984774,0.003964734283735168,0.0066083123997028766,-110.92398404674503,32.21331492794768,0.00707611682390556,0.0024256276353941514,-125.57837791647988,-27.742514748495015,0.0066749705088632,-0.002591696373386229,-63.18394678218156,-50.634043639906906,0.003219082974385343,-0.005959505044128017,-29.054245426609377,2.917795131322073
39,50,0,26.46781523463756,-2.3288662664988637e-19,-0.0,15.8673720472441,-0.0,0.0001884006432323233,0.059969590011412124,121.58800395466646,833.7792600045765,-5.034924897548938e-07,-8.013226403907447e-05,-17.984952239783976,22.084618389654146,-4.2464446890015984e-07,-4.5054843453655964e-05,28.438827730046317,4.237119063866206,-4.0257881697660976e-07,-3.2034518016806024e-05,1.2819924248113121,10.73419351994951,-3.931236876372607e-07,-2.5024972828921514e-05,18.184676971257495,5.906948978025442,-3.881713787912685e-07,-2.059069222343534e-05,-3.032199264069239,-2.330316435748663
40,50,23,5241.4702462536015,-0.011530490061599445,-0.0,53.476131889763806,-0.0,-0.009305925741606207,0.06643997153417225,-6.740318653545731,-104.23293439948411,-0.004170190956411432,0.010488054666169404,82.91772798306432,-58.535784536718275,0.002416831179551869,0.010821534220329962,119.67809644789176,-46.618077629015,0.007829323636663187,0.0073934857934765345,139.80368726860488,-22.865661443818404,0.01019277797056041,0.0016827956850807445,146.89486104543062,7.446535736316316,0.008893269191724236,-0.004090187066735874,134.34948780040023,27.26122233070658
41,50,10,3408.9644010577667,0.005013256549261966,-0.0,-85.6242618110236,-0.0,0.0023418451268480476,0.06448169904705219,147.5092366054884,42.33089211810583,-0.003091751072066158,0.003772954034426309,-72.91890017852056,-44.48337698045743,-0.0046873901384837675,-0.0011257060255101712,-125.39056346746405,-2.2637188248640374,-0.0009898471311424607,-0.0045558353990685545,-73.69799712411822,43.48127274986524,0.0035453565573624066,-0.002724430090561657,-7.53494529049415,-18.531627203944154,0.003819715219498538,0.0019571758954312884,-98.92542695869017,-98.84443432355235
42,50,13,2612.2991013245837,-0.006517233514040617,-0.0,48.876968503937,-0.0,0.0019986171356342762,0.06620790065796828,-198.45279363052,29.682932920903376,0.005405381006511769,-0.0034955093655856338,40.87271758913511,41.495477100377165,-0.0046973018985062,-0.004163068763118336,89.1367818148745,-48.65343324150024,-0.002584570989492275,0.005491465028348816,-42.32086621187569,-67.72056854756931,0.0057607510167064085,0.0009266784731433823,-8.591991550614006,68.1720111112012,-0.0006956147209981358,-0.0054830396992484095,133.1419726384164,-8.407671355881048
43,50,3,485.05239459448353,0.0015039769647786044,-0.0,51.221456692913385,-0.0,-0.0004913599615440767,0.06130525742136004,645.7020105575826,-484.79934178390727,-0.0008689333188407498,-0.0012723401979824157,60.91295544631013,-64.57745034502321,0.0014268743242184239,-0.00026643212213326106,9.82830995184603,-8.582751036848261,-0.000433198481797298,0.0013064769908808693,27.530064417393636,60.227643063160926,-0.0009519807114123564,-0.0009688721168428631,119.63473048172867,33.05780228121909,0.0012188062537074077,-0.000407179249516993,79.815097220877,-66.30408675434492
44,50,12,512.8593709951426,-0.006015907859114402,-0.0,91.30339566929133,-0.0,-0.0033008953490589895,0.0650223052150301,125.87147123327162,789.3020260683701,0.0027704362807499266,0.1446438969553991,1966.9412038992032,3473.5798799759737,0.005526389457309492,0.0013022507030929725,-202.84076981182244,-583.3184353257718,0.004446184969937858,-0.003624315358929474,-278.9700170751133,-2.3774501622006374,-0.00017158422820837433,-0.005538801680889343,108.35872673693054,12.987498198562378,-0.00426081936128217,-0.0029802060021469723,55.128341557201495,-243.13722244948795
45,50,23,1986.2343470918597,-0.011530490063302586,-0.0,-38.56422244094487,-0.0,0.011662163307690647,0.060341006259596354,-85.5135683767331,-247.05659903727476,-0.011305470099443663,-0.0007694820081273632,-74.75358596187844,69.65720646236534,0.011029407401706414,0.0010309871905159226,44.35092917663246,63.72013776660893,-0.01065469856265257,-0.0013323234359399864,67.81771421655887,-117.0077820709669,0.01019223595020824,0.0016482925437089153,-103.29961189277464,-193.87553800113574,-0.009651674460845461,-0.0017879309513233997,-213.161328275843,-8.622362490445733
46,50,7,1300.5155104013456,0.003509279584483402,-0.0,44.83686023622045,-0.0,0.000734966054318512,0.06342854666558677,261.5367608996011,277.6360484785758,-0.0032791534110330183,0.0010018792845233886,85.88561851699654,-6.95052197442444,-0.001530937219971507,-0.0030238027083346105,89.99598676881666,-41.293069391549814,0.0026443583896731252,-0.0019182239295829039,86.87613662904927,-74.16339571036835,0.0022209805962521254,0.0022411124930308856,58.91224793646953,-120.9127666238918,-0.0017572250370312137,0.0024562685130042282,-9.30651795044609,-131.01366336231587
47,50,4,1042.715359232937,0.0020053026197047997,-0.0,43.63188976377951,-0.0,0.0009582222549426026,0.061822926619183816,-382.34519048753145,-222.45946229670977,-0.001384572204869368,0.0013448876933018908,100.44155910029238,-25.515248451704117,-0.0017870114731889308,-0.0007287067990771321,103.50673752906951,45.57519851759428,-2.3203723382610565e-05,-0.0018463964406870606,14.910906316670149,6.444912534551617,0.0016477465419312027,-0.0006632205357316841,105.67490314681511,-102.95543093289999,0.001232593056830824,0.0012695918458153982,202.48939269357405,-13.523784410361584
48,50,5,1469.2913778542918,0.002506628274590204,-0.0,-77.91067913385827,-0.0,0.002216503434489771,0.06142627585348021,315.7636247377833,-80.2936054839102,0.0007898494578015249,0.002257237401351901,-90.74467635333113,5.163835546369613,-0.0007012859471693418,0.0022668462201425707,-30.46853176303683,32.51023884387357,-0.0018539904573580141,0.0013976635952212431,-81.78786951577023,-64.68988394710873,-0.0022422861066949016,5.847046286116154e-05,-105.17217383558643,60.224984103630206,-0.001774450033300767,-0.0011944695990636599,-4.900831742487548,-38.425456094840264
49,50,11,4056.8591476472834,-0.005514582204188197,-0.0,-1.33366141732283,-0.0,0.0008080798790825995,0.065450562911216,-16.6626314618491,133.07924724095847,0.0052793048994169926,-0.0012426929588099371,32.28799118631145,-9.833849441270125,-0.0017631133420809384,-0.004961272024211176,-21.94332114972634,50.87890785132552,-0.004618642682653105,0.0023231967400960543,54.10006586514386,66.27750700111751,0.0026461843512793877,0.004284707125084783,15.156701958959756,-8.18200590241601,0.0036615809094725053,-0.0027905130638205974,-14.308314369109578,66.27888020064483
50,50,6,807.7192586023529,0.003007953929557204,-0.0,-32.04601377952755,-0.0,-0.002671054614447393,0.060860796464059036,-80.88558383669574,-545.4102720327694,0.002433047084731024,-0.0017530446675423294,-81.47377179202746,-75.50403815322886,-0.0017860479078449802,0.0022324416951405987,-135.98786926965758,31.178957053673642,0.0009982140450207453,-0.0026429194389854427,-0.6480495377218244,90.52605123109767,-0.00016928244755990286,0.0026699788455470906,37.80126846892524,-67.38879362571085,-0.000606460313076157,-0.0025011589828739522,-144.43512593016953,-90.07411525765272
51,50,14,3016.6337454974137,-0.007018559168966805,-0.0,-90.77214566929135,-0.0,-0.004197435047830154,0.0654505877178496,170.73274513073844,-40.886803743996275,0.0014618220275599584,0.0067443859707382505,-149.7220396469618,-27.91850605692126,0.006028541333182061,0.003117024213117941,-81.30073087196392,135.73743172534628,0.005951637775834227,-0.002536526751824102,-50.57869665119863,-21.400581299738416,0.0015662765378870744,-0.0058123347054361806,-101.36037026819369,142.36146293556408,-0.0035684169691607695,-0.004372960204887196,-61.38287866872479,86.82588747646949
52,50,4,360.3158525842171,-0.0020053026197047997,-0.0,2.769931102362212,-0.0,0.0021394485115286484,0.06039729457180981,-847.2346603474392,-292.767687305295,-0.0017933484172937772,-0.0008873873398023672,59.312467003397714,-12.301410291031083,0.0015441087908156152,0.0011209614178941303,-40.78377838663356,-30.195450419493717,-0.0012264942344140128,-0.0014212457095377907,-8.14065565478585,99.48196589690582,0.0008645521655578653,0.0015735115800914392,83.20678504695269,-22.295823184359143,-0.0004868501856927391,-0.0016249971319598907,-101.11566515888177,-4.416617684987431
53,50,18,3213.33956715116,-0.009023861788671582,-0.0,57.351131889763785,-0.0,0.009150859605326246,0.060601195657715864,164.669906055404,-40.410490214861596,-0.008780769390308581,-0.001279222280268412,60.31432127972961,-21.256501803421628,0.008484458952619161,0.0017736005763454151,64.35820269593077,-34.43847192409734,-0.008085550199801304,-0.0022808582874259543,53.210819570148246,-37.16974279039785,0.007598620645850238,0.0027675405311394334,64.0039707670963,-54.73046916949199,-0.00703773950859001,-0.0030499807072648156,58.74023037309689,-44.3201148908507
54,50,6,899.6767544136081,0.003007891996220846,-0.0,10.803887795275589,-0.0,0.002965843130477074,0.061138680216149384,-335.9891664656047,388.7875220211361,0.0021287124300941943,0.002092595086980038,-11.118678633353783,-62.695253984273506,0.0011835219265750694,0.0029083577811856226,-73.30711234752276,-80.3585418298706,0.0012656202348278547,0.09511164876164681,3292.1606540147923,3136.122120287569,-0.0009187644019163393,0.00209519705082269,150.43076201857068,121.20473030093778,-0.0017119594772050009,0.001669336133026802,109.45745783988205,74.46346209799924
55,50,15,1926.0153468670292,0.007519884823893003,-0.0,-58.07357283464566,-0.0,-0.0023032376467048837,0.0670406190263011,53.36130304656928,-262.86605821990446,-0.005751228265033786,-0.004694370359750641,-90.87084608750828,-33.2207026937765,0.00614853437862577,-0.003804650084626458,48.320497229333505,48.79978551124844,0.0014851094718823783,0.006860710550876072,-59.980675139122795,-152.63071083352872,-0.0066759648287863715,-0.0008062650542437126,-67.20477173454277,93.94070497640588,0.002874662187098823,-0.005670625348136399,93.91251059260678,-118.1417818766605
56,50,8,808.2149943358489,-0.004010605239409599,-0.0,-54.66141732283465,-0.0,0.0015409419975575156,0.063731980716343,160.0750962643324,528.8751989150568,0.00303537835450863,-0.00258021682100167,-127.97581852322992,-39.8232485408921,-0.003317091906198487,-0.0019892449883444374,66.78114639763479,-2.1699557813824213,-0.0007000653529746261,0.003661141918035291,-193.52882982737444,32.79178939218325,0.0035450325957925815,-0.00055552433661841,85.01821167291422,-132.88334911058843,-0.0016462851760725217,-0.0029767951524128557,-123.15996774013375,149.1318318853383
57,50,16,3786.0871124535947,-0.008021210478819239,-0.0,-80.55930118110237,-0.0,-0.0030290273669349448,0.06729357879709812,-130.03645707401452,-65.87107739065229,0.005321289684212809,0.00576186768580218,-88.56849298278509,-17.91342726004286,0.007299209063842173,-0.002472760384242136,-89.08814986196276,-22.1002977303604,0.0006567038777531278,-0.007412824145176349,-96.38157047272281,-23.568887097994146,-0.006289534481461128,-0.0034060681999723724,-99.92872536829738,-11.96990725807742,-0.00542634386905686,0.004228426135678451,-107.35948197579003,-15.11057071383774
58,50,24,241.30593021043654,0.012031713336121042,-0.0,168.3794291338583,-0.0,0.011211294267831995,0.06465813799123865,811.621076048562,-52.49407753766622,0.008198350839277647,0.008434848756953684,-252.03828497454757,175.7485625742834,0.004119738841156497,0.01075757615178959,347.94089742371006,207.91485356158972,-0.00042285475151198487,0.011168432054598297,-38.16084074376496,-471.4757570898875,-0.00458498467799502,0.00972002811011783,-366.9771868148553,362.90701944694655,-0.007649306463172289,0.006811629530257459,534.6636441470774,54.62274734239749
59,50,10,933.2533916779672,-0.005013256549262001,-0.0,172.2716535433071,-0.0,0.003848169957781379,0.06338307422701703,-468.81236428833415,149.11938794039503,-0.0003712210892509131,-0.004948867038356102,180.95751463324234,12.195993596786552,-0.0029996090057905775,0.003794863225983849,-50.661663501676884,-160.2515166917326,0.004617427076028912,-0.0006183513993419356,135.96294869789048,144.47154675533247,-0.003707909749242206,-0.002349085962972218,176.1460613706704,-326.5275808404804,0.0009660347274914354,0.00457947769222225,-1.3221645790987608,-63.69948572107369
60,50,4,526.6221678933039,0.0020053026197047997,-0.0,-13.144192913385815,-0.0,-0.00103520965053695,0.06154937949567686,379.3167420547349,-652.6214140190853,-0.0004903915367563611,-0.0019835947825743837,-34.40259610229053,-65.2399741535288,0.0017679046124971984,0.0007271410735308983,-74.60010795978678,0.8810966107248341,-0.001637005003808297,0.0008771725417703516,2.9441357021257435,69.89628107216838,0.0002805253426343493,-0.001785600182945576,60.613421251612095,-66.6530497045997,0.0011697743839912916,0.0012396828665872178,-79.95132180203629,-98.23478577621084
61,50,20,1257.6592481696216,0.01002651309852399,-0.0,11.620570866141778,-0.0,-0.009706894925563115,0.06128840481524176,-156.7283139527967,368.6620857856674,0.009508538837855426,-0.002638304593253277,-140.41390533753648,-114.7749980591821,-0.00888896219110386,0.003686306282385221,83.49513654693416,-17.9551544404053,0.008067841055164504,-0.004712627155343713,-103.23631807260108,187.55602308019348,-0.007089860463089733,0.005503137205562982,-282.88863238120325,-52.829983075037525,0.006004409145324178,-0.0060656782365858765,21.17680011755397,-176.98716707392205
62,50,1,116.35559028469618,-0.0005013256549262014,-0.0,14.674212598425191,-0.0,-4.097648093025224e-05,0.06041319434953202,-462.2654582373627,-720.4654102929686,0.00028395414445994406,0.0003225777829114279,-24.577370201099487,-7.949037798202465,0.0004766721416499024,-0.00011042710367942364,-25.509148495164137,14.127547927634911,0.00015502002862138563,-0.00047101621967283937,0.8287495559720391,-35.6648935488597,-0.0003074826458324411,-0.0003503943118910069,5.71857479360354,-36.784569428034665,-0.00041137599219243564,9.804815157447542e-05,8.164588247090935,-21.071436483146787
63,50,4,73.40076631839126,0.0020052796137301583,-0.0,6.000246062992126,-0.0,0.0020304167383658786,0.060739475243052225,802.263087881279,316.02713508613596,0.001383689896906885,0.0013217859926694445,-32.083322595287044,-25.963666626353778,0.0007200728075026239,0.001742177350515049,-54.92638031585247,96.61105157541691,-2.389064659076378e-05,0.0018359646334028575,105.2285964427175,-19.70752431128498,-0.0007131152675403838,0.001622442573421425,-80.97098734804389,-88.56418595622814,-0.001231406427907483,0.0011654612631827475,-49.00156854027938,119.95110739737154
64,50,17,4583.470515532647,-0.00852253613374548,-0.0,-28.721702755905515,-0.0,0.007545365200357919,0.06421891395503977,-116.0686991406387,28.869854603945885,-0.004216789881028319,-0.007268320517375992,-5.059678392222223,-10.65338659821467,5.166874506470349e-05,0.008211628658738951,-70.13992419316546,5.211299874501978,0.00391199606076021,-0.006846997444613256,3.4102353058034116,55.656442974473386,-0.006563327360938894,0.003975494358964105,-27.992408675560807,-33.29963314981429,0.007265025288381118,3.371131677668683e-05,-64.18623170935771,80.63136170372522
65,50,3,877.1262833646127,-0.0015039769647786163,-0.0,63.92691929133859,-0.0,0.0013997656022491343,0.060854144280500226,438.62650467408275,-294.61336818502764,-0.00045701796131142894,-0.0014763393240522942,88.9654446386772,-25.09229490024243,-0.00044684002476698235,0.001342880924884074,96.3230209718598,-37.699904465055454,0.00113310967022352,-0.0008369588659844551,115.34333202128643,-33.156526123767726,-0.0013459457581468284,-1.462685263666618e-06,112.98502893228209,-33.22876389789987,0.0010371157657231467,0.0007618422709567263,142.4680276201034,-27.62080406297288
66,50,9,881.4247734416476,0.004511930894335814,-0.0,-28.71653543307085,-0.0,-0.001775086417901724,0.06401257622672646,-221.1134433989765,477.6073337108695,-0.0027391189479496455,-0.0035594951981385748,-145.8993591662568,10.740194301117803,0.004236249996163625,-0.0009553211253772392,-111.00509553832956,-86.69806267909951,-0.0009941254668269918,0.004063017109740192,7.799425038151072,-105.23019169866276,-0.0031113126658052093,-0.0025838719370349433,73.9255944074208,20.50355070787354,0.003499534604300668,-0.001595860335206574,-3.9376708396236926,129.7391052140396
67,50,14,5731.139222825394,0.007018558587796377,-0.0,-38.11269685039372,-0.0,0.006353418096314966,0.06327337470661525,-47.87293384355017,-83.47432591872709,0.0038393244293249995,0.005676391671705248,-11.541226152741753,-16.259336437551877,0.0006767885403997231,0.006708987119973587,-27.234724719966188,23.97324746806865,-0.002482314719095332,0.006075002701966269,-67.00354796141471,-12.172303741022375,-0.00483878653402898,0.00405373423362928,-11.705741545353838,-37.98104713992996,-0.00585967257718122,0.001264851998731729,-16.249044442811318,21.65344468734366
68,50,21,2249.189230160435,-0.009911303398090503,-0.0,-49.54478346456693,-0.0,-0.009558083580478448,0.06158140337142011,89.52245003813584,212.1362230093602,-0.009262715003237911,0.0030669080315358574,14.137879596944769,-9.216324965315184,-0.008488583803992185,0.0044898209397879986,-82.757965279908,-109.54923930732933,-0.0074713471125697015,0.005683502220862091,-111.61037955220056,52.418743351661576,-0.006270585984861446,0.006619471747208659,49.47814051422952,-52.60454337009187,-0.004954017603573252,0.007274808687263727,-132.5797061551752,-132.26961398708238
69,50,15,252.99808384430057,0.007519884823892999,-0.0,-19.685039370078755,-0.0,-0.0036629798390177518,0.06639024377374565,-962.5760796427917,-74.63447743903346,-0.003477806242595217,-0.0065965749254367585,177.36744501901626,21.514031302794347,0.0072156992070625935,0.0003201644199168198,-230.71439986974792,159.91976755767908,-0.0039007547518459464,0.005788439097595932,45.30138115759547,-340.59688933417743,-0.0028656655749149085,-0.00611048305153571,194.59880359423423,326.3219595274327,0.006376081297804434,0.0006270364856620914,-435.94814076453446,-93.96462671592643
70,50,6,1340.7960327831818,0.0030079539295571993,-0.0,83.30314960629921,-0.0,-0.00014954776224352414,0.06294955879365276,350.36921970731566,-133.87009393635194,-0.0028801628918179176,-0.0007338693995287918,65.22362738678142,-25.270290981958386,0.0009615819454340702,-0.002756842853983212,46.36015442548858,19.61181247870109,0.00251962054235125,0.0012107868426264018,99.65381603897497,49.880166304344364,-0.0014423955423942302,0.0022707275289563455,128.05454694360463,-37.422542034567975,-0.00199544888975527,-0.001601807471641903,39.450846757085166,-44.23236374610459
71,50,21,5067.660953629386,0.010527838753450258,-0.0,-38.057824803149614,-0.0,-0.0054276726383495726,0.0688275621841132,-102.36605599324386,39.56396998070211,-0.0044040030399837525,-0.009421427372811455,-102.00717241631672,-34.198917257025386,0.010035371992386225,0.0012480264076534149,-25.822351481710555,-23.558559123714957,-0.006250354263639688,0.007557158567348077,-23.031706770293894,40.36530569673977,-0.002911119276019272,-0.008943037882364595,-84.22736988614399,53.60807999114676,0.008690933465264842,0.002261647838246778,-115.66449960484377,-14.299392444633568
72,50,22,2335.3874977395,-0.011026604934941921,-0.0,18.936269685039395,-0.0,-0.010186097153767934,0.063562012397917,55.49714306891896,-216.49636185622558,-0.008517312862858171,0.006620549015891763,55.00304467179887,68.49618325259908,-0.005732052873133486,0.008875742721705122,-89.44326025230583,47.01504839765505,-0.002427172411821684,0.009961590874390396,-60.89513752012607,-113.38856568677849,0.0009312356776410778,0.009816826857878486,136.36204289805343,-111.06391545351565,0.0038973951815913493,0.008552646019719471,155.92282289307298,111.41825389467147
73,50,21,3309.707492091181,0.01052783875345024,-0.0,-65.56422244094486,-0.0,-0.0011905303760243293,0.07036582980315788,41.63664073167755,155.6145585443935,-0.009984847108217988,-0.0027655319052157807,-28.095183506389745,49.73774618920122,0.003900056033451954,-0.009359618149444767,-2.693743689506254,60.201117101941755,0.008471267167361539,0.004931188579812002,24.77203784312272,57.535861613981226,-0.005774381517766237,0.0074506163165708305,45.40864685716093,35.22589541115739,-0.006304022069524011,-0.006366950057364357,55.41900816863004,19.753956235238817
74,50,23,1069.9947456476662,-0.011530490063302586,-0.0,-35.63582677165355,-0.0,-0.004568371209959207,0.0704196927826554,-423.34511330762075,-167.68174847979407,0.007436976238307255,0.008468902462847868,-169.19192141901632,-35.01052406928895,0.010618810660111867,-0.0031947461694949845,-229.9541888472581,37.78535660066089,0.001479537494360748,-0.010658517019955079,-224.39848195090272,151.55629938133876,-0.008712584850667905,-0.005540732789877128,-139.02704244083282,270.002989930723,-0.00823025482955726,0.005364792675791785,30.0111069279368,305.38360148225956
75,50,4,1393.207053818596,-0.002005302619704826,-0.0,25.684793307086597,-0.0,-0.0007179467525420978,0.06175050448414031,350.74599108261157,-56.259715340413024,0.0011574553392233065,0.0015178173792738574,13.871088639701924,12.301404133259394,0.0019026412041999955,-0.0003401654414650604,23.15850702835396,-15.339889383250732,0.0005768692017178756,-0.0017999602616543223,59.54322650192616,19.80263469079149,-0.0012691758093907705,-0.0012834391597980911,-16.285565358652025,17.61752734837615,-0.0016255031733686221,0.0005201933158901124,24.836152962881854,-49.571314925332146
76,50,0,25.972233526616,-2.3288662664988637e-19,-0.0,32.42962598425197,-0.0,0.0001884006432323233,0.059969590011412124,-548.2671217075701,627.1187943869479,-5.034924897548938e-07,-8.013226403907447e-05,-5.082371145264215,-14.840312563743494,-4.2464446890015984e-07,-4.5054843453655964e-05,-15.653583064529684,28.824897227332535,-4.0257881697660976e-07,-3.2034518016806024e-05,5.701906634935315,1.469661624844577,-3.931236876372607e-07,-2.5024972828921514e-05,-12.184328336470879,-16.61458901943835,-3.881713787912685e-07,-2.059069222343534e-05,-4.6233279489626815,-0.3398150273807381
77,50,1,42.84626614127029,0.0005013256549261998,-0.0,3.9178149606299177,-0.0,0.00011032385643003656,0.060462640681183046,129.1777734679026,-838.8411096135121,-0.0004688958738542145,-0.000232139496282684,-26.685812794812644,-5.582032337166131,0.00021825696873711375,-0.0004739615050084569,2.423274762325731,-26.613426030440902,0.00037736216292516247,0.00024279199511678478,-21.856551260389807,-25.049025297659547,-0.0003176229206001436,0.0002926732464944249,-6.118484348101498,32.74147048352177,-0.00025150869051109536,-0.000365687182491488,15.692689462524353,-27.758565338489845
78,50,10,313.06467619943476,-0.0050132565492620055,-0.0,-13.083907480314949,-0.0,0.0030196654743609307,0.06408069231468483,486.83157852970095,781.8483278032019,0.0017548285404059571,-0.004680047533811724,-98.70572033639232,67.03510835834015,-0.004680575959147665,0.0010965772963028133,135.09395017276378,-173.78900523011455,0.003482715323115678,0.0030811082747490967,83.55690414512891,234.56602125703347,0.0005619677486258098,-0.004471939504844774,-206.28440517607766,-146.3877652869164,-0.0037948538397219607,0.0019479200653979808,309.54787318230484,-74.08686920287342
79,50,24,481.875851669425,0.012031815718228799,-0.0,27.56619094488188,-0.0,-0.009041186227067849,0.06760615814172816,-581.7670170544195,-573.5795848706481,0.0022143500489801493,-0.0116883471247734,-51.58342597203984,221.07657267969364,0.00556885795563179,0.010088940669127548,250.14872225296875,-258.07043080935597,-0.010419875871841469,-0.004152649999745682,-243.39760644382633,282.6323231582191,0.010240089848035712,-0.0033463500796235015,410.9309347116287,-263.9714075395589,-0.005494614826618083,0.008644339019077726,-385.07337247729214,202.77953882883537
80,50,0,24.42686007439944,-2.3288662664988637e-19,-0.0,-0.6291830708661469,-0.0,0.0001884006432323233,0.059969590011412124,837.327885883058,-77.18758332470469,-5.034924897548938e-07,-8.013226403907447e-05,20.177217471599633,10.858321381819588,-4.2464446890015984e-07,-4.5054843453655964e-05,9.125007892811375,36.664683798163765,-4.0257881697660976e-07,-3.2034518016806024e-05,-6.837836094954475,-6.837641429495605,-3.931236876372607e-07,-2.5024972828921514e-05,-4.97378560346988,-7.265155511540421,-3.881713787912685e-07,-2.059069222343534e-05,3.5501955411906483,-11.287875099026675
81,50,19,1194.9104802449579,-0.009525187443597795,-0.0,48.731545275590555,-0.0,0.006766318558511218,0.06680653203300224,-260.4431515920538,302.3419774049865,0.00035226063109548237,-0.009418279479840646,126.96020173331124,-107.85391328668962,-0.006827063415246492,0.006069597278041433,-88.60616906687723,82.0012782650717,0.00884653066242992,0.0006626966743491722,275.9007068212709,15.841180679729618,-0.005433371460107313,-0.0065588352775424325,-113.12993153009003,-110.74031759233819,-0.0009157203899403599,0.008088084820941515,206.2572372918472,189.3384424326401
82,50,5,238.2842627774493,-0.002506628274630991,-0.0,19.582185039370074,-0.0,-0.0003406657092348382,0.06240891600407243,496.99090845052694,-760.7248093441157,0.002240630544649747,0.0009413315850760627,65.2661477010518,8.19175823953319,0.0014395906021482906,-0.0019739530382686873,22.18806986400688,86.54193330879026,-0.0015332972063261772,-0.0017908336428549222,-87.30974545444509,70.70017979730783,-0.0019660862117138554,0.0010583281659281142,-123.04071728411326,-73.60414504741793,0.0006085443970995315,0.0020302738273247213,12.6424191612773,-159.8314718198023
83,50,7,1022.7140965315883,0.0035092795844834128,-0.0,-21.690944881889756,-0.0,-0.0029442102298817964,0.06151942574621242,-101.27884486502393,448.51346471331954,0.0020953654261384046,-0.0028114698148729964,-60.726163864159666,-39.60508496703558,-0.000652945338997461,0.003271901877886327,46.39477506129627,-16.548379634264137,-0.0008528279760270889,-0.003175443026706891,10.016244700064558,95.1962669297461,0.002076685466671306,0.0023458143839408495,-132.86290571154657,94.82334296404082,-0.002766714293668346,-0.001138074501649394,-122.2476512326837,-83.30256662847954
84,50,15,802.5828557772127,0.007519884823893008,-0.0,70.9343011811024,-0.0,-0.0011681978985768732,0.06733520359567081,-283.39234187115505,-496.35552355225803,-0.006902794272374812,-0.002707112130801642,59.829307296375966,117.83107336283162,0.0037554600138563553,-0.0062083504787819165,-94.63245491364208,-168.1221350933387,0.00522436524818374,0.004644918779048906,72.44479498922527,224.71336158976695,-0.005317589903293291,0.004114968104766993,-82.75514721074214,-227.31904209886565,-0.0029453656195554327,-0.005693757507920362,71.73950175421638,267.6504368872151
85,50,24,3916.616722644893,0.012031815718228799,-0.0,49.26796259842518,-0.0,0.0019138726862484403,0.07196306098638439,44.06937740514666,-108.93395957923791,-0.011328179754416787,0.0036083102361059607,7.8052174638951985,-64.51726610280649,-0.00485084503836999,-0.009907314555402827,-72.50573862692075,-47.627337018193,0.00940402822338157,-0.004668842321115681,-163.9115419014017,97.58026621486256,0.012395005187077354,0.3438283288674655,1637.9024110895334,-4190.678940305038,-0.0066700292306191905,0.005954905552305684,-40.13788413555665,-158.79029170436058
86,50,11,2328.260102289591,-0.0055145822041881495,-0.0,-58.07308070866142,-0.0,0.005342228195918926,0.06187543220669885,-219.31692447426943,-63.69901319051976,-0.004130846092899916,-0.003557882802363232,-21.559503667073695,-11.426280756580766,0.002610689042901054,0.004607763886419839,-66.77509462600813,-71.61688109224318,-0.0008350350739550885,-0.0050424865464352405,-87.54650764424541,12.854189453011488,-0.0009239669032994257,0.004896607368865837,13.556591354363748,-13.509399453562185,0.0024190842414759705,-0.003958572466642621,-70.33928524245219,-95.12055128590742
87,50,9,378.61951935917693,-0.004511930894335803,-0.0,36.476131889763785,-0.0,-0.0026530620344899017,0.06344932533379458,851.9683323845433,-216.02702928836808,0.0008847166007655079,0.00426449276393223,-115.93097313965636,-0.9395469716528205,0.0038371949911659327,0.001973591671247722,88.74923646300216,-139.0454594425254,0.003866847765564741,-0.0016738840117786684,70.37766136072499,193.3974006536627,0.0011261648073762273,-0.00389887336387621,-225.20283279113022,-56.88257655214753,-0.002181595446476969,-0.003182956151785699,191.9781332138986,-141.3936265058752
88,50,13,5511.353210174583,0.006517233514040578,-0.0,37.76968503937008,-0.0,0.0007584410104735809,0.06644266980457463,-32.35889282035191,93.38099095377466,-0.006304028816048349,0.0010601145745742025,18.373322134500217,9.282564954670345,-0.0016335000269704786,-0.0060605485453579175,12.385175736072153,-12.970329745853602,0.005698382345663206,-0.0020844368357396535,41.90177152764166,-26.893738791411174,0.0024836761961062907,0.005302077199105219,61.241006063071644,-57.37202202893871,-0.004797693930464378,0.002836916099340032,94.58894785112122,-52.70238932723103
89,50,21,465.41897680159786,-0.010527838753450197,-0.0,26.727608267716533,-0.0,0.003862418612558229,0.06978667895493006,-68.33814322021088,-838.4398592163296,0.0078003231619514,-0.0068689706215822035,-77.92794162721253,-150.7716508898522,-0.008894964476665282,-0.004859544198996478,-126.91694477011958,-228.08112821223483,-0.001351483025607536,0.009683868652264458,-164.30493044002256,-243.1991081504688,0.00919424091689638,-0.002075552992908589,-227.3096233973074,-250.59244423432838,-0.004902663378827882,-0.007529444634462568,-269.9105162371049,-230.7499005824282
90,50,18,3258.4855629336184,-0.009023861788671596,-0.0,-13.157726377952782,-0.0,0.007892322562268808,0.06459492061916003,44.62046009182018,157.09074901892163,-0.0041732316315766585,-0.00789426747810484,-60.90206240139779,38.47887919357874,-0.0004359527370476632,0.008625298199816889,-55.535938396351355,-65.10014684174593,0.004680249275334758,-0.006998360958844215,59.10300066071104,-2.5142714660941836,-0.007307067601017193,0.003431804802469503,-60.18912452621983,94.45057846100212,0.007651692678620121,0.0007734031337206948,-111.71384820791968,-68.59970307455377
91,50,23,2750.6937949107846,0.011521618139703512,-0.0,-79.05856299212599,-0.0,0.01116206089745108,0.06332740890000597,-187.77222963114392,-59.619470586288735,0.009399399024917418,0.006261879577433305,-118.55843199979657,-38.81179741269203,0.006999284063355718,0.008587039196327983,-61.30583911603108,-87.68027778968246,0.004070349649056846,0.009972817635015214,19.955879820208757,-41.52887621396505,0.0009633514601156234,0.010337190131555369,-3.9681650669456214,61.55778380791363,-0.001969491920468292,0.009718161539097532,-110.00390626426673,85.81953861623742
92,50,1,164.58659309604363,-0.0005013256549262018,-0.0,-14.539124015748037,-0.0,0.0006081209338767389,0.060240127162416904,809.4246268559529,-178.43832848955395,-0.00020457687596429707,-0.0005274338938285689,34.84998804972745,-34.2867233526394,-6.977894844871649e-05,0.00043299471374351597,24.50000964760087,17.168833421416164,0.00030620506323376153,-0.00038236566087856906,11.292201070493944,22.114792694340636,-0.0004311835734118751,0.00010247165627002642,-20.45399939311033,28.632729114771646,0.00040919279573345255,0.00010399230107561808,-39.66828236646055,18.76411015318919
93,50,4,1619.6122305480774,0.00199032109655941,-0.0,-33.86983267716531,-0.0,0.0021190025303086716,0.06042017970109302,-264.4446851179615,165.44389252411523,0.0017564252074767125,0.0007866870818347087,-43.22799778422328,18.976587847923533,0.0014846779160259272,0.0011728943715110104,-47.60303467486538,21.120761854791365,0.0011389755826907073,0.0014479703395695474,-36.29019636221568,25.947563878869154,0.0007492633586101026,0.001613020704705594,-21.152767624382733,27.11252816729842,0.0003477387515456929,0.0016666997166886895,-29.97723557658683,33.00682325239951
94,50,18,6976.77220700697,0.0090238617886716,-0.0,-82.59375,-0.0,-0.008625545852009557,0.06172302413502591,-7.992179401529139,-78.02229216717414,0.00820045863915291,-0.0034175361020656178,-55.45425550040964,-3.02505943265793,-0.007231696770170037,0.004782116838515288,-83.01952426849871,-37.899458414727164,0.0059807095762785265,-0.005878216963878665,-109.76491912487926,-29.74402786882241,-0.004538336883673353,0.006729284397175125,-132.48871170567512,22.606945699490588,0.0030111920507228333,-0.007006171670505301,-122.81680599214867,50.30415644936843
95,50,16,3303.7192138717746,0.006545181294646932,-0.0,16.16313976377962,-0.0,0.006675000023122534,0.06070502243554658,30.469341708262828,157.88427662720164,0.006312816722521532,0.0013683579531854708,43.6616516927305,-24.555674318064472,0.00603216200176891,0.002072927112762418,-4.489699448933589,-45.585165477344184,0.005655557733752415,0.0026929608247421087,-48.61396199835913,6.5119585302840015,0.005198208697089548,0.0032288017647121065,3.517329814675425,68.62216309590399,0.004677959706077677,0.003672089997658191,85.61175423634354,44.34708276260173
96,50,22,7730.515381155202,0.011029164408376103,-0.0,-6.849901574803149,-0.0,0.0075014364545383716,0.06817076260196253,-56.41459748407452,-44.44397356716908,-0.0012231654097212114,0.010706661822094656,-19.429703687538655,-4.093743634294232,-0.008650875768737113,0.006107096094794091,-38.13894049620116,7.485677526215875,-0.010010814712850149,-0.0022936848125385038,-53.21003989989842,-14.564787249302196,-0.00475452039804081,-0.008621434186235273,-14.551181548404326,-17.29159692974285,0.003129143180551096,-0.00882071460412804,-32.40320534688536,27.199990932946136
97,50,10,363.30164856474755,0.005013256549261996,-0.0,19.74335629921261,-0.0,0.0019085307589235706,0.06465591528099383,747.0778704121343,531.7209167836602,-0.0037555049883919896,0.0031087416852151445,98.21991114188114,-50.471037994636035,-0.004191912309080679,-0.002415224132317843,-17.01291478346208,-200.38079596674825,0.0007590647408023651,-0.004634948054359647,-191.64492070554948,-123.94808684156905,0.004406634024156213,-0.0008603138333123504,-240.9740168687026,105.87687904381883,0.002197674721743381,0.0036496710525093733,-50.65369486248288,253.40131140039696
98,50,22,3525.6308413856377,0.007626612831623385,-0.0,-41.46087598425197,-0.0,0.007766458574120499,0.060676613707809864,-152.7971924935287,-23.652039689663585,0.007433541529483348,0.0013173723952597202,-73.81999671424471,21.33958719522116,0.007199016158030889,0.0020105716052827276,-86.89509154577259,7.411827272166835,0.0068816647067449135,0.0026349448390643655,-90.92641167448627,-21.872044953451624,0.006491896962883815,0.003194127927902194,-69.20607987960122,-40.668497349181784,0.006042095812168716,0.003681614726247662,-41.399987814677544,-41.947110251926645
